City_ID,City,Lat,Lng,Max Temp,Humidity,Cloudiness,Wind Speed,Country,Date
0,kulachi,31.9286,70.4592,103.21,27,6,20.85,PK,1692033918
1,puerto natales,-51.7236,-72.4875,36.34,93,98,4.21,CL,1692033918
2,kharan,28.5833,65.4167,92.39,9,51,6.13,PK,1692033918
3,puerto ayora,-0.7393,-90.3518,80.56,87,79,7.0,EC,1692033918
4,brookings,44.3114,-96.7984,70.05,69,20,18.41,US,1692033639
5,stanley,54.868,-1.6985,63.72,94,100,8.05,GB,1692033919
6,luderitz,-26.6481,15.1594,60.33,61,89,13.96,NA,1692033919
7,blackmans bay,-43.0167,147.3167,37.53,91,50,3.76,AU,1692033919
8,rio preto da eva,-2.6994,-59.6997,100.51,30,8,3.4,BR,1692033919
9,yigo village,13.5361,144.8886,78.12,91,0,6.91,GU,1692033919
10,waitangi,-43.9535,-176.5597,52.83,96,69,4.0,NZ,1692033794
11,olonkinbyen,70.9221,-8.7187,41.9,89,35,11.21,SJ,1692033920
12,edd,13.9297,41.6925,93.27,57,20,6.08,ER,1692033920
13,longyearbyen,78.2186,15.6401,46.24,81,75,5.75,SJ,1692033920
14,colonia,50.9333,6.95,79.83,65,40,6.91,DE,1692033647
15,albany,42.6001,-73.9662,79.95,64,79,1.99,US,1692033677
16,avarua,-21.2078,-159.775,69.85,88,75,3.44,CK,1692033921
17,port-aux-francais,-49.35,70.2167,43.0,90,100,39.68,TF,1692033921
18,sovetskaya gavan',48.9723,140.2878,56.55,96,74,4.88,RU,1692033921
19,champerico,14.3,-91.9167,91.94,67,97,7.07,GT,1692033921
20,happy valley-goose bay,53.3168,-60.3315,59.31,72,75,16.11,CA,1692033721
21,sur,22.5667,59.5289,93.0,47,100,10.47,OM,1692033922
22,praia da vitoria,38.7333,-27.0667,80.76,73,20,4.38,PT,1692033860
23,sinop,41.7711,34.8709,73.65,72,0,5.23,TR,1692033922
24,nogliki,51.8333,143.1667,56.35,79,100,5.26,RU,1692033923
25,port elizabeth,-33.918,25.5701,59.29,67,40,17.27,ZA,1692033923
26,ust'-ordynskiy,52.805,104.7508,60.58,95,86,5.23,RU,1692033923
27,talnakh,69.4865,88.3972,58.21,66,63,5.37,RU,1692033923
28,bethel,41.3712,-73.414,83.35,67,0,4.61,US,1692033923
29,polyarnyy,69.1989,33.4478,61.18,94,89,6.82,RU,1692033924
30,adamstown,-25.066,-130.1015,69.64,80,86,22.73,PN,1692033924
31,port mathurin,-19.6833,63.4167,72.91,74,2,24.27,MU,1692033924
32,woodward,36.4337,-99.3904,78.03,51,0,11.5,US,1692033924
33,ouargaye,11.5033,0.0572,75.36,88,99,7.02,BF,1692033926
34,berdigestyakh,62.0989,126.6992,58.12,97,100,7.81,RU,1692033926
35,nema,57.5067,50.5011,70.36,50,98,6.8,RU,1692033926
36,ushuaia,-54.8,-68.3,33.46,93,75,8.05,AR,1692033926
37,hermanus,-34.4187,19.2345,48.79,70,16,4.14,ZA,1692033927
38,touros,-5.1989,-35.4608,82.98,63,36,19.53,BR,1692033922
39,thompson,55.7435,-97.8558,75.36,57,40,10.36,CA,1692033438
40,broome,42.2506,-75.833,79.88,65,40,5.01,US,1692033927
41,oodweyne,9.4092,45.064,85.28,32,50,19.06,SO,1692033927
42,atafu village,-8.5421,-172.5159,83.43,71,50,22.59,TK,1692033928
43,isiro,2.7739,27.616,70.12,94,56,2.98,CD,1692033928
44,ilulissat,69.2167,-51.1,51.82,66,75,0.0,GL,1692033928
45,whitefish,48.4111,-114.3376,80.2,40,0,4.61,US,1692033928
46,grand falls-windsor,48.9332,-55.6649,75.51,58,78,2.28,CA,1692033855
47,susuman,62.7833,148.1667,60.06,52,100,5.93,RU,1692033929
48,badger,64.8,-147.5333,55.71,84,75,3.44,US,1692033929
49,college,64.8569,-147.8028,55.8,81,75,3.44,US,1692033929
50,capayan,-28.761,-66.0502,85.8,15,4,4.92,AR,1692033929
51,yellowknife,62.456,-114.3525,61.32,51,75,10.36,CA,1692033788
52,san sebastian de la gomera,28.0916,-17.1133,89.38,54,0,4.61,ES,1692033929
53,rio grande,-32.035,-52.0986,73.51,51,13,5.46,BR,1692033929
54,priargunsk,50.3691,119.1012,68.7,65,85,3.33,RU,1692033930
55,sorong,-0.8833,131.25,77.95,86,86,9.08,ID,1692033930
56,korla,41.7597,86.1469,70.57,55,99,20.85,CN,1692033930
57,udachny,66.4167,112.4,59.45,54,90,5.23,RU,1692033930
58,san jose del guaviare,2.5729,-72.6459,83.21,76,38,3.53,CO,1692033769
59,tiksi,71.6872,128.8694,39.63,96,29,0.92,RU,1692033931
60,acarau,-2.8856,-40.12,88.47,52,42,14.85,BR,1692033770
61,georgetown,5.4112,100.3354,79.95,94,20,1.14,MY,1692033753
62,bang bua thong,13.9178,100.424,85.98,66,20,10.36,TH,1692033931
63,abbeville,50.1,1.8333,74.25,63,60,7.05,FR,1692033803
64,greenland,43.0362,-70.8328,84.11,60,40,4.61,US,1692033931
65,manjeshvar,12.7,74.8833,79.99,85,92,4.14,IN,1692033932
66,ribeira grande,38.5167,-28.7,79.2,78,40,13.0,PT,1692033932
67,weno,7.4515,151.8468,82.35,89,75,10.36,FM,1692033932
68,grand baie,-20.0182,57.5802,74.44,72,3,1.01,MU,1692033932
69,sarangani,5.4033,125.4636,81.91,78,100,6.82,PH,1692033805
70,kodiak,57.79,-152.4072,51.31,93,100,12.66,US,1692033933
71,pocone,-16.2567,-56.6228,95.38,25,100,3.51,BR,1692033933
72,bilibino,68.0546,166.4372,55.65,80,100,2.66,RU,1692033933
73,fale old settlement,-9.3852,-171.2468,83.12,71,21,18.97,TK,1692033933
74,kenora,49.8167,-94.4337,74.37,43,40,6.91,CA,1692033933
75,jamestown,42.097,-79.2353,78.53,61,0,3.44,US,1692033934
76,margaret river,-33.95,115.0667,56.48,81,38,14.65,AU,1692033934
77,port lincoln,-34.7333,135.8667,51.84,76,0,7.27,AU,1692033934
78,saint-pierre,-21.3393,55.4781,73.08,83,0,6.91,RE,1692033755
79,lerwick,60.1545,-1.1494,59.0,77,57,4.92,GB,1692033935
80,pacific grove,36.6177,-121.9166,69.48,92,20,8.99,US,1692033666
81,constantia,44.1833,28.65,79.7,64,1,19.28,RO,1692033846
82,iqaluit,63.7506,-68.5145,49.73,87,20,4.61,CA,1692033935
83,belyy yar,53.6039,91.3903,53.49,76,0,6.71,RU,1692033935
84,vila franca do campo,37.7167,-25.4333,77.41,65,9,0.6,PT,1692033936
85,zhelezinka,53.54,75.3072,53.6,80,100,3.8,KZ,1692033936
86,al kharijah,25.4514,30.5464,93.02,19,0,10.92,EG,1692033936
87,grytviken,-54.2811,-36.5092,24.53,81,45,6.91,GS,1692033936
88,campoverde,-8.4753,-74.8058,80.29,59,87,4.09,PE,1692033937
89,chui,-33.6971,-53.4616,66.25,37,60,11.77,UY,1692033937
90,lompoc,34.6391,-120.4579,78.85,100,75,3.44,US,1692033937
91,trinidad,-14.8333,-64.9,76.98,53,75,9.22,BO,1692033938
92,papatowai,-46.5619,169.4708,37.67,85,12,6.02,NZ,1692033938
93,st. john's,47.5649,-52.7093,73.15,77,75,5.01,CA,1692033939
94,chernyshevskiy,63.0128,112.4714,56.89,99,100,3.58,RU,1692033727
95,crucecita,-28.95,-58.9833,74.52,22,76,5.7,AR,1692033939
96,macau,22.2006,113.5461,85.8,89,20,9.22,MO,1692033939
97,san agustin de valle fertil,-30.6335,-67.4682,75.83,16,51,6.85,AR,1692033940
98,hawaiian paradise park,19.5933,-154.9731,73.9,89,0,8.05,US,1692033940
99,coquimbo,-29.9533,-71.3436,61.92,75,61,5.68,CL,1692033650
100,edinburgh of the seven seas,-37.0676,-12.3116,53.83,74,64,11.52,SH,1692033929
101,wailua homesteads,22.0669,-159.378,79.59,84,40,14.97,US,1692033940
102,port alfred,-33.5906,26.891,60.19,80,60,5.01,ZA,1692033673
103,eyl,7.9803,49.8164,78.76,81,1,22.19,SO,1692033704
104,kapa'a,22.0752,-159.319,80.92,83,40,14.97,US,1692033941
105,kavaratti,10.5669,72.642,81.95,71,37,9.6,IN,1692033898
106,tbeng meanchey,13.8167,104.9667,76.19,97,100,3.42,KH,1692033941
107,karasburg,-28.0167,18.75,59.18,24,81,8.81,NA,1692033941
108,santa isabel,-23.3156,-46.2214,69.51,62,100,5.35,BR,1692033941
109,illapel,-31.6308,-71.1653,78.44,28,44,5.37,CL,1692033943
110,solleftea,63.1667,17.2667,67.86,66,96,7.4,SE,1692033927
111,rabo de peixe,37.8,-25.5833,76.51,73,20,10.36,PT,1692033943
112,tazovsky,67.4667,78.7,54.52,73,80,7.0,RU,1692033646
113,port moresby,-9.4431,147.1797,74.62,83,75,5.75,PG,1692033943
114,toamasina,-18.1667,49.3833,71.6,83,75,3.44,MG,1692033943
115,ciudad insurgentes,25.2625,-111.7753,89.76,39,0,3.53,MX,1692033943
116,petropavlovsk-kamchatsky,53.0452,158.6483,50.59,100,0,6.71,RU,1692033944
117,east london,-33.0153,27.9116,59.94,77,20,8.05,ZA,1692033944
118,flying fish cove,-10.4217,105.6791,76.68,83,75,12.66,CX,1692033944
119,kailua-kona,19.6406,-155.9956,80.6,74,20,5.01,US,1692033764
120,bamboo flat,11.7,92.7167,82.49,89,75,8.05,IN,1692033944
121,slavutych,51.5196,30.7343,79.2,58,86,2.51,UA,1692033944
122,kapuskasing,49.4169,-82.4331,68.09,56,75,14.97,CA,1692033945
123,alliance,40.9153,-81.1059,77.58,85,100,5.64,US,1692033930
124,punta arenas,-53.15,-70.9167,38.08,65,22,14.03,CL,1692033945
125,kingston,17.997,-76.7936,94.77,44,22,10.85,JM,1692033063
126,zhangjiakou shi xuanhua qu,40.6103,115.0447,72.91,77,2,3.83,CN,1692033945
127,kunduz,36.75,68.75,80.38,17,0,5.84,AF,1692033945
128,kruisfontein,-34.0033,24.7314,54.88,71,93,19.84,ZA,1692033673
129,zouerate,22.7187,-12.4521,112.89,5,0,20.49,MR,1692033682
130,dickinson,29.4608,-95.0513,101.01,58,40,8.05,US,1692033946
131,ust'-ilimsk,58.0006,102.6619,67.48,68,98,1.36,RU,1692033946
132,hamilton,39.1834,-84.5333,76.96,93,100,1.01,US,1692033705
133,ugoofaaru,5.6667,73.0,82.9,68,62,10.11,MV,1692033946
134,sosnovo-ozerskoye,52.5249,111.5418,58.48,77,46,2.33,RU,1692033946
135,severo-yeniseyskiy,60.3725,93.0408,55.18,99,100,0.65,RU,1692033946
136,murzuq,25.9155,13.9184,97.16,16,0,3.04,LY,1692033946
137,fort st. john,56.2499,-120.8529,64.29,59,75,13.8,CA,1692033929
138,takoradi,4.8845,-1.7554,78.57,76,98,12.19,GH,1692033947
139,galliano,29.4422,-90.2992,99.0,49,75,5.75,US,1692033947
140,ridder,50.355,83.5133,45.7,89,97,3.8,KZ,1692033947
141,santa cruz,-17.8,-63.1667,77.05,36,75,10.36,BO,1692033947
142,binhe,32.6883,112.8275,75.49,76,0,3.47,CN,1692033947
143,bengkulu,-3.8004,102.2655,76.46,84,99,4.68,ID,1692033947
144,asau,46.4333,26.4,79.72,42,0,0.38,RO,1692033948
145,keflavik,64.0049,-22.5624,58.91,72,40,13.8,IS,1692033948
146,invercargill,-46.4,168.35,36.01,88,91,1.01,NZ,1692033767
147,pader,3.05,33.2167,77.4,46,47,5.95,UG,1692033948
148,bucerias,20.75,-105.3333,89.98,70,75,4.61,MX,1692033948
149,mahibadhoo,3.7833,72.9667,82.83,73,21,8.84,MV,1692033948
150,bredasdorp,-34.5322,20.0403,48.13,80,63,5.39,ZA,1692033949
151,klaksvik,62.2266,-6.589,56.32,97,90,14.16,FO,1692033949
152,whitehorse,60.7161,-135.0538,56.17,63,20,11.99,CA,1692033949
153,katsuura,35.1333,140.3,80.37,91,58,14.54,JP,1692033949
154,odacho-oda,35.1833,132.5,78.66,90,100,10.63,JP,1692033949
155,abadeh,31.1608,52.6506,70.47,15,0,16.37,IR,1692033949
156,nova sintra,14.8667,-24.7167,76.51,79,78,13.11,CV,1692033950
157,yaren,-0.5472,166.916,80.4,78,100,5.14,NR,1692033715
158,tofol,5.3248,163.0078,82.35,75,28,3.94,FM,1692033950
159,la tuque,47.4334,-72.7824,68.25,68,100,6.91,CA,1692033950
160,new amsterdam,6.25,-57.5167,89.2,56,21,8.59,GY,1692033950
161,dunedin,-45.8742,170.5036,42.8,61,13,4.23,NZ,1692033950
162,hasaki,35.7333,140.8333,81.3,91,61,11.56,JP,1692033951
163,amga,60.8953,131.9608,59.04,99,100,3.38,RU,1692033951
164,vicuna,-30.0319,-70.7081,84.78,22,8,5.03,CL,1692033951
165,crane,31.3974,-102.3501,90.73,34,5,12.84,US,1692033951
166,taikang,46.8333,124.4167,70.12,88,10,6.93,CN,1692033951
167,alice springs,-23.7,133.8833,56.75,47,4,0.0,AU,1692033892
168,puerto armuelles,8.2833,-82.8667,84.18,82,100,5.01,PA,1692033694
169,magdagachi,53.45,125.8,58.39,98,78,2.91,RU,1692033952
170,laurentides,46.4334,-74.9826,65.71,63,100,7.07,CA,1692033952
171,morant bay,17.8815,-76.4093,85.62,71,27,14.63,JM,1692033952
172,westport,41.1415,-73.3579,85.08,67,78,1.01,US,1692033952
173,lebu,-37.6167,-73.65,55.45,80,100,4.97,CL,1692033657
174,taltal,-25.4,-70.4833,65.55,69,31,3.49,CL,1692033952
175,mbekenyera,-10.0,38.9833,74.23,68,100,7.49,TZ,1692033952
176,bel ombre,-4.6167,55.4167,78.64,83,20,14.97,SC,1692033952
177,west island,-12.1568,96.8225,76.98,78,40,14.97,CC,1692033953
178,monteagudo,-19.8167,-63.9833,81.1,35,1,5.79,BO,1692033953
179,guarapari,-20.6667,-40.4975,75.83,75,39,9.15,BR,1692033953
180,kirovo-chepetsk,58.5539,50.0399,69.31,65,99,3.87,RU,1692033953
181,tura,25.5198,90.2201,76.37,89,100,2.66,IN,1692033953
182,saipan,15.1355,145.701,83.1,100,40,10.36,MP,1692033953
183,portland,45.5234,-122.6762,91.74,44,0,10.36,US,1692033641
184,isafjordur,66.0755,-23.124,53.64,76,0,5.75,IS,1692033953
185,mount gambier,-37.8333,140.7667,37.83,95,0,3.78,AU,1692033953
186,egilsstadir,65.2653,-14.3948,58.91,55,0,13.8,IS,1692033954
187,san antonio de pale,-1.4014,5.6325,75.87,83,85,11.88,GQ,1692033954
188,sant antoni de portmany,38.9807,1.3036,86.38,68,20,7.0,ES,1692033954
189,fort bragg,35.139,-79.006,96.64,53,100,9.22,US,1692033954
190,guatire,10.4762,-66.5427,85.15,64,69,5.95,VE,1692033954
191,alofi,-19.0595,-169.9187,73.29,94,100,6.91,NU,1692033954
192,palikir - national government center,6.9248,158.1611,74.14,100,20,3.44,FM,1692033954
193,anadyr,64.75,177.4833,45.1,81,0,2.24,RU,1692033955
194,gornozavodsk,58.3758,58.3211,63.3,77,32,2.68,RU,1692033955
195,uturoa,-16.7333,-151.4333,78.21,72,92,16.11,PF,1692033955
196,guerrero negro,27.9769,-114.0611,75.43,65,12,11.61,MX,1692033955
197,ati,13.2154,18.3353,87.15,52,57,3.31,TD,1692033955
198,aasiaat,68.7098,-52.8699,39.83,94,88,5.3,GL,1692033955
199,callao,-12.0667,-77.15,73.69,64,20,8.05,PE,1692033750
200,rakops,-21.0167,24.3333,73.33,19,0,6.17,BW,1692033955
201,dudinka,69.4058,86.1778,58.62,61,87,3.89,RU,1692033956
202,sa pa,22.3402,103.8441,62.6,97,86,0.87,VN,1692033956
203,coronel suarez,-37.4547,-61.9334,72.99,33,33,9.28,AR,1692033956
204,alamos,27.0167,-108.9333,94.28,40,12,3.15,MX,1692033956
205,kiunga,-6.1219,141.2906,68.68,98,82,2.42,PG,1692033956
206,lihue,21.9789,-159.3672,80.19,77,40,14.97,US,1692033956
207,itoman,26.1247,127.6694,82.78,94,99,6.91,JP,1692033747
208,sultanah,24.4926,39.5857,100.85,16,40,18.41,SA,1692033957
209,yatou,37.15,122.3833,71.55,88,4,3.2,CN,1692033957
210,hinton,53.4001,-117.5857,75.27,44,82,1.54,CA,1692033957
211,bayanhongor,46.7167,100.1167,54.01,62,0,6.73,MN,1692033957
212,khandyga,62.6667,135.6,57.34,94,100,6.26,RU,1692033957
213,cabedelo,-6.9811,-34.8339,77.67,78,46,20.11,BR,1692033957
214,ust-nera,64.5667,143.2,62.76,49,100,3.18,RU,1692033957
215,tangalle,6.024,80.7911,78.15,87,68,11.12,LK,1692033938
216,camarinas,43.1311,-9.1817,74.93,84,30,7.05,ES,1692033958
217,ulladulla,-35.35,150.4667,49.51,87,92,5.48,AU,1692033958
218,taoudenni,22.6783,-3.9836,112.6,12,5,2.86,ML,1692033958
219,grantsville,40.5999,-112.4644,85.68,24,0,5.75,US,1692033686
220,daru,-9.0763,143.2092,75.02,81,50,13.38,PG,1692033708
221,undurkhaan,47.3194,110.6556,59.9,91,45,3.6,MN,1692033958
222,thinadhoo,0.5333,72.9333,83.03,70,5,8.72,MV,1692033958
223,kutum,14.2,24.6667,78.85,53,97,6.78,SD,1692033958
224,constanta,44.1833,28.65,79.7,64,1,19.28,RO,1692033846
225,thurso,58.5927,-3.5259,61.86,77,72,7.52,GB,1692033959
226,lensk,60.7253,114.9278,62.11,96,95,3.18,RU,1692033959
227,murun-kuren,49.6342,100.1625,59.41,73,6,2.59,MN,1692033959
228,la passe,45.5549,-0.8967,77.23,64,94,9.57,FR,1692033959
229,chonchi,-42.6128,-73.8092,54.12,94,100,12.86,CL,1692033959
230,ancud,-41.8697,-73.8203,52.14,92,100,27.74,CL,1692033959
231,yokohama,35.4478,139.6425,82.13,94,75,13.8,JP,1692033959
232,gaoual,11.75,-13.2,82.11,88,100,1.7,GN,1692033959
233,pico truncado,-46.7949,-67.9573,45.55,70,100,17.83,AR,1692033959
234,kaiama,9.6225,3.9481,73.47,93,100,5.3,NG,1692033959
235,yarkovo,57.4028,67.0786,57.36,77,14,3.36,RU,1692033960
236,tamandare,-8.7597,-35.1047,77.92,72,60,14.0,BR,1692033960
237,tarawa,1.419,172.984,78.89,94,75,0.0,KI,1692033692
238,kone,-21.0595,164.8658,64.36,77,98,2.98,NC,1692033667
239,sombrerete,23.6333,-103.65,73.27,41,6,13.49,MX,1692033960
240,gulf shores,30.246,-87.7008,98.58,58,20,8.01,US,1692033808
241,laojunmiao,39.8333,97.7333,71.44,45,3,9.66,CN,1692033717
242,afaahiti,-17.75,-149.2833,71.47,76,88,11.45,PF,1692033961
243,narasannapeta,18.4167,84.05,82.67,78,100,2.89,IN,1692033961
244,meadow lakes,61.6247,-149.6011,60.1,79,75,3.44,US,1692033961
245,oranjemund,-28.55,16.4333,54.27,79,16,18.81,NA,1692033961
246,narvik,68.4384,17.4272,64.38,86,88,1.43,NO,1692033961
247,farasan,16.7022,42.1183,89.02,75,30,4.16,SA,1692033961
248,chardara,41.2547,67.9692,69.71,29,0,9.53,KZ,1692033961
249,tucuma,-0.1833,-50.05,88.12,59,89,3.13,BR,1692033962
250,hithadhoo,-0.6,73.0833,82.51,75,69,8.37,MV,1692033682
251,naze,28.3667,129.4833,77.92,88,98,10.2,JP,1692033700
252,quepos,9.4236,-84.1652,78.94,86,100,2.15,CR,1692033963
253,yeniseysk,58.4497,92.1703,59.83,81,51,1.83,RU,1692033963
254,nguigmi,14.2495,13.1092,81.36,65,100,5.48,NE,1692033963
255,vorgashor,67.5833,63.95,56.03,86,39,7.61,RU,1692033963
256,masvingo,-20.0637,30.8277,65.19,21,0,5.64,ZW,1692033964
257,bonthe,7.5264,-12.505,78.62,85,100,12.73,SL,1692033964
258,utrik,11.2278,169.8474,82.62,81,46,14.61,MH,1692033964
259,tabou,4.423,-7.3528,76.86,75,100,9.62,CI,1692033965
260,gazojak,41.1875,61.4036,75.04,13,1,14.09,TM,1692033965
261,penzance,50.1186,-5.5371,67.77,77,20,11.5,GB,1692033965
262,gonabad,34.3529,58.6837,78.87,14,0,13.8,IR,1692033772
263,guaraniacu,-25.1008,-52.8781,73.87,59,95,2.95,BR,1692033965
264,djambala,-2.5447,14.7533,85.57,34,67,3.83,CG,1692033965
265,isangel,-19.55,169.2667,68.85,85,100,12.12,VU,1692033966
266,pemangkat,1.1667,108.9667,79.65,77,100,8.55,ID,1692033967
267,dongning,44.0622,131.1207,65.97,95,92,2.06,CN,1692033967
268,maracacume,-2.0428,-45.9592,95.52,34,21,5.59,BR,1692033967
269,qaqortoq,60.7167,-46.0333,50.25,66,45,4.27,GL,1692033967
270,jiaojiang,28.6803,121.4428,82.99,90,97,3.04,CN,1692033968
271,klyuchi,52.2667,79.1667,53.33,85,100,10.65,RU,1692033968
272,trancas,-26.2314,-65.2803,81.27,21,0,4.47,AR,1692033969
273,mejit,10.2753,170.8646,82.92,80,93,16.89,MH,1692033969
274,karaton,-6.3424,106.1045,70.68,88,50,1.74,ID,1692033970
275,queenstown,-31.8976,26.8753,53.2,43,13,6.2,ZA,1692033970
276,zhangye,38.9342,100.4517,75.65,38,31,3.58,CN,1692033970
277,plastun,44.7561,136.2939,60.35,97,100,5.68,RU,1692033970
278,langepas,61.2544,75.2124,58.3,83,98,3.76,RU,1692033971
279,prince rupert,54.3161,-130.3201,57.29,100,75,8.05,CA,1692033971
280,carnarvon,-24.8667,113.6333,63.57,65,0,16.44,AU,1692033971
281,sirjan,29.452,55.6814,79.79,10,0,23.22,IR,1692033972
282,vernon,50.2581,-119.2691,82.62,34,1,2.3,CA,1692033973
283,malango,-2.9627,119.9001,65.28,98,77,1.59,ID,1692033973
284,cidade velha,14.9167,-23.6167,84.67,79,20,11.5,CV,1692033973
285,zhirnovsk,50.9845,44.7735,73.29,50,0,8.28,RU,1692033972
286,ko pha ngan,9.7578,100.0291,77.7,79,100,20.87,TH,1692033973
287,margate,51.3813,1.3862,70.7,71,45,8.01,GB,1692033687
288,long beach,33.767,-118.1892,82.94,81,0,8.99,US,1692033796
289,yazihan,38.5947,38.18,86.27,16,0,4.61,TR,1692033974
290,mount isa,-20.7333,139.5,51.57,71,7,3.44,AU,1692033689
291,bardai,11.65,7.2333,75.58,77,97,5.55,NG,1692033974
292,escanaba,45.7453,-87.0646,71.96,60,0,4.61,US,1692033974
293,jeddah,21.5169,39.2192,93.06,62,40,5.75,SA,1692033975
294,hammerfest,70.6634,23.6821,63.05,77,75,5.75,NO,1692033975
295,port macquarie,-31.4333,152.9167,55.89,88,84,11.25,AU,1692033975
296,shagonar,51.5333,92.8,51.6,77,86,2.28,RU,1692033975
297,alibag,18.6411,72.8792,84.27,80,94,12.33,IN,1692033975
298,khovd,48.0056,91.6419,64.65,22,100,5.41,MN,1692033975
299,namie,37.4833,141.0,79.72,93,11,2.98,JP,1692033976
300,sirte,31.2089,16.5887,81.1,55,0,13.33,LY,1692033976
301,la sarre,48.8002,-79.1996,68.95,48,9,6.71,CA,1692033976
302,lazaro cardenas,17.9583,-102.2,88.5,63,54,3.74,MX,1692033976
303,glogow,51.6636,16.0845,79.45,61,55,10.13,PL,1692033976
304,mendoza,-32.8908,-68.8272,69.33,21,0,5.75,AR,1692033976
305,sao vicente,-23.9631,-46.3919,70.27,59,100,5.75,BR,1692033977
306,saraburi,14.6084,100.9682,85.12,79,95,5.64,TH,1692033977
307,arraial do cabo,-22.9661,-42.0278,67.96,88,100,11.5,BR,1692033977
308,tommot,58.9564,126.2925,60.44,98,99,3.74,RU,1692033977
309,vung tau,10.346,107.0843,81.19,84,32,12.82,VN,1692033978
310,al fqih ben calah,32.5009,-6.6906,102.92,25,40,13.42,MA,1692033978
311,hami,42.8,93.45,83.3,17,63,15.32,CN,1692033978
312,hadibu,12.65,54.0333,79.66,76,62,15.39,YE,1692033978
313,yenangyaung,20.4667,94.8833,81.7,76,91,10.0,MM,1692033978
314,holualoa,19.6228,-155.9522,76.87,69,20,5.01,US,1692033717
315,maloye ganyushkino,46.6,49.2667,79.93,67,0,12.1,KZ,1692033979
316,sinabang,2.4803,96.3801,77.18,83,97,2.98,ID,1692033979
317,cheremukhovo,60.3484,59.9851,70.5,63,88,1.39,RU,1692033979
318,tsiombe,-25.3,45.4833,72.01,79,39,2.21,MG,1692033980
319,namtsy,62.7161,129.6658,58.78,97,100,8.08,RU,1692033980
320,bikenibeu village,1.3673,173.1241,78.76,94,75,0.0,KI,1692033980
321,new norfolk,-42.7826,147.0587,38.71,91,70,2.55,AU,1692033980
322,flin flon,54.7682,-101.865,73.24,64,40,10.36,CA,1692033980
323,durazno,-33.4131,-56.5006,66.72,38,46,14.0,UY,1692033981
324,veraval,20.9,70.3667,79.34,87,100,16.53,IN,1692033981
325,cooper's town,26.8667,-77.5167,85.37,72,21,9.78,BS,1692033981
326,musan-up,42.2261,129.2078,64.99,99,97,1.3,KP,1692033981
327,churu,28.3,74.95,91.17,47,99,12.93,IN,1692033982
328,nyurba,63.2842,118.3319,58.48,81,100,3.85,RU,1692033982
329,timimoun,29.2639,0.231,107.98,9,0,13.8,DZ,1692033982
330,swift current,50.2834,-107.8014,83.21,26,0,10.36,CA,1692033767
331,vico del gargano,41.8983,15.9576,78.26,59,6,2.73,IT,1692033982
332,geraldton,-28.7667,114.6,46.81,93,1,9.22,AU,1692033982
333,mana,5.6592,-53.7767,81.55,74,31,6.42,GF,1692033983
334,nagqu,31.5,92.0,47.16,78,100,2.01,CN,1692033730
335,ad dabbah,18.05,30.95,104.0,11,76,15.26,SD,1692033983
336,lagoa,39.05,-27.9833,74.08,79,15,10.36,PT,1692033984
337,tamiahua,21.2667,-97.45,88.0,61,32,7.54,MX,1692033984
338,tamanrasset,22.785,5.5228,93.11,13,40,2.3,DZ,1692033984
339,huayin,34.5675,110.0921,78.8,65,68,9.93,CN,1692033984
340,campbell river,50.0163,-125.2446,77.38,53,0,10.36,CA,1692033985
341,enewetak,11.3474,162.3373,83.75,78,98,16.2,MH,1692033985
342,piacabucu,-10.4056,-36.4344,79.27,63,23,13.38,BR,1692033985
343,wuyang,31.9925,116.2472,76.77,90,9,1.45,CN,1692033986
344,camalu,30.85,-116.0667,74.41,66,35,8.5,MX,1692033986
345,calama,-22.4667,-68.9333,75.45,5,0,10.51,CL,1692033898
346,sirsilla,18.3833,78.8333,77.7,76,93,3.27,IN,1692033986
347,hastings,50.8552,0.5729,69.55,31,31,12.41,GB,1692033986
348,meridian,43.6121,-116.3915,86.47,30,0,11.99,US,1692033796
349,junagarh,19.8667,82.9333,77.97,85,100,4.54,IN,1692033986
350,la'ie,21.6477,-157.9253,80.56,74,16,12.03,US,1692033987
351,kencong,-8.2833,113.3667,72.12,93,82,1.16,ID,1692033987
352,naigarhi,24.7833,81.7833,83.43,64,59,5.66,IN,1692033987
353,yuzhno-kurilsk,44.0306,145.8556,57.67,90,100,11.54,RU,1692033987
354,zaysan,47.4667,84.8667,52.18,62,7,5.19,KZ,1692033988
355,ustka,54.5805,16.8619,74.64,72,100,5.99,PL,1692033988
356,uttarkashi,30.7333,78.45,72.27,97,100,0.76,IN,1692033988
357,serhetabat,35.2799,62.3438,75.11,11,0,16.17,TM,1692033988
358,xinyuan,37.3,99.0,44.8,87,90,3.15,CN,1692033988
359,dryden,49.7833,-92.7503,71.89,43,0,5.75,CA,1692033839
360,zhengzhou,34.7578,113.6486,77.49,69,0,3.06,CN,1692033849
361,nouadhibou,20.931,-17.0347,78.78,78,37,17.27,MR,1692033989
362,bay saint louis,30.3088,-89.33,97.16,57,40,9.22,US,1692033989
363,farafangana,-22.8167,47.8333,71.94,91,99,12.93,MG,1692033989
364,saldanha,-33.0117,17.9442,50.05,69,92,7.96,ZA,1692033990
365,genhe,50.7833,121.5167,64.99,77,99,1.61,CN,1692033990
366,parun,35.4207,70.9221,59.76,52,37,5.95,AF,1692033990
367,greeneville,36.1632,-82.831,77.32,100,100,0.0,US,1692033990
368,kampene,-3.6,26.6667,78.89,59,89,3.04,CD,1692033990
369,kidal,18.4411,1.4078,97.02,28,49,10.16,ML,1692033991
370,puerto baquerizo moreno,-0.9,-89.6,79.79,74,75,12.66,EC,1692033991
371,tengrela,10.4869,-6.4097,82.99,71,100,1.86,CI,1692033991
372,suixi,33.8907,116.7747,74.41,94,22,4.36,CN,1692033992
373,gursarai,25.6148,79.1788,85.98,62,71,3.78,IN,1692033992
374,dzuunharaa,48.8523,106.4579,59.47,91,25,2.46,MN,1692033992
375,edgewater,28.9889,-80.9023,97.09,66,40,11.5,US,1692033745
376,abeche,13.8292,20.8324,79.63,64,99,3.22,TD,1692033992
377,maymana,35.9214,64.7836,73.22,15,0,2.33,AF,1692033992
378,iskushuban,10.2837,50.23,94.59,24,2,19.93,SO,1692033992
379,hengchun,22.0042,120.7439,82.89,87,15,17.09,TW,1692033993
380,laibin,23.7,109.2667,81.01,85,91,3.09,CN,1692033993
381,yeppoon,-23.1333,150.7333,49.78,69,1,5.01,AU,1692033993
382,rundu,-17.9333,19.7667,72.25,19,0,1.14,NA,1692033993
383,i-n-salah,27.1935,2.4607,106.74,8,0,11.95,DZ,1692033994
384,coahuayana de hidalgo,18.7,-103.6583,92.82,55,11,2.95,MX,1692033993
385,kish,26.5578,54.0194,93.47,75,0,4.61,IR,1692033994
386,north bondi,-33.8824,151.2769,49.87,89,77,6.91,AU,1692033994
387,manggar,-2.8833,108.2667,80.89,76,96,11.63,ID,1692033994
388,phuntsholing,26.8516,89.3884,78.69,91,100,3.04,BT,1692033994
389,kayangel,8.0823,134.7173,82.62,77,100,14.23,PW,1692033995
390,ust-tsilma,65.441,52.1498,69.13,87,78,4.72,RU,1692033995
391,tolanaro,-25.0319,46.9987,71.67,94,75,24.16,MG,1692033995
392,saint-philippe,-21.3585,55.7679,72.99,85,43,15.03,RE,1692033995
393,otjimbingwe,-22.35,16.1333,69.01,25,14,9.53,NA,1692033995
394,mersa matruh,31.3525,27.2453,82.6,65,20,9.22,EG,1692033996
395,darhan,49.4867,105.9228,61.63,82,12,1.81,MN,1692033996
396,belmonte,-15.8631,-38.8828,77.38,65,99,11.1,BR,1692033996
397,abu,24.6,72.7,69.13,81,100,5.46,IN,1692033996
398,codrington,-38.2667,141.9667,39.97,90,5,5.39,AU,1692033996
399,torrington,41.8007,-73.1212,82.85,68,73,1.99,US,1692033996
400,waingapu,-9.6567,120.2641,74.77,84,97,9.71,ID,1692033996
401,christchurch,-43.5333,172.6333,43.41,73,34,3.44,NZ,1692033997
402,nantucket,41.2835,-70.0995,82.15,69,0,12.66,US,1692033997
403,aldama,22.9167,-98.0667,93.49,45,62,7.4,MX,1692033997
404,hualien city,23.9769,121.6044,82.71,76,99,4.47,TW,1692033997
405,abong mbang,3.9833,13.1833,71.74,94,76,0.65,CM,1692033997
406,newman,37.3138,-121.0208,92.23,56,89,4.0,US,1692033774
407,amasra,41.7463,32.3863,80.13,82,37,10.78,TR,1692034002
408,barrouallie,13.2333,-61.2667,85.62,79,40,12.66,VC,1692034003
409,vikulovo,56.8167,70.6107,55.0,76,56,6.91,RU,1692034003
410,ushtobe,45.2514,77.9838,62.04,39,49,7.38,KZ,1692034003
411,pisco,-13.7,-76.2167,70.02,73,0,8.05,PE,1692034003
412,sitka,57.0531,-135.33,57.09,82,75,0.0,US,1692034003
413,kurumkan,54.3,110.3,63.5,77,90,2.62,RU,1692034004
414,fort mcmurray,56.7268,-111.381,72.99,53,0,11.5,CA,1692034004
415,cape coast,5.1053,-1.2466,76.78,82,98,16.15,GH,1692034004
416,sierakowice,54.3461,17.8925,73.18,62,89,4.65,PL,1692034004
417,kill devil hills,36.0307,-75.676,93.22,58,0,9.22,US,1692034004
418,sejong,36.4817,127.2871,77.43,95,4,2.08,KR,1692034004
419,farkhar,36.5729,69.8578,66.67,34,0,1.07,AF,1692034004
420,port saint john's,-31.6229,29.5448,63.99,83,100,11.27,ZA,1692034004
421,moyale,3.5167,39.0584,75.52,40,9,9.37,KE,1692034004
422,ekibastuz,51.6667,75.3667,60.1,48,100,4.7,KZ,1692034005
423,toliara,-23.35,43.6667,69.94,85,15,6.15,MG,1692034005
424,mangaratiba,-22.9597,-44.0406,67.06,91,100,6.46,BR,1692034005
425,vila velha,-20.3297,-40.2925,75.15,78,75,9.22,BR,1692033768
426,thief river falls,48.1191,-96.1812,72.55,53,0,3.44,US,1692034005
427,sechura,-5.5569,-80.8222,79.99,61,100,10.07,PE,1692034005
428,vadso,70.0744,29.7487,67.08,77,0,8.05,NO,1692034005
429,icano,-28.9193,-65.3282,81.68,18,6,7.34,AR,1692034006
430,san patricio,28.017,-97.5169,98.08,46,87,8.43,US,1692034006
431,abu qurqas,27.9312,30.8384,94.42,20,0,11.3,EG,1692034006
432,oppdal,62.5943,9.6912,59.14,76,75,6.31,NO,1692034006
433,nuuk,64.1835,-51.7216,56.01,67,0,10.36,GL,1692034006
434,abu zabad,12.35,29.25,86.11,55,60,1.34,SD,1692034006
435,malemort-sur-correze,45.1701,1.5619,86.38,56,77,5.21,FR,1692034006
436,mahina,-17.5065,-149.489,73.17,78,20,3.44,PF,1692034006
437,suva,-18.1416,178.4415,72.88,94,75,5.75,FJ,1692034006
438,robinson,31.4677,-97.1147,99.19,40,0,5.75,US,1692034007
439,madagali,10.8902,13.6312,74.95,85,100,1.99,NG,1692034007
440,sisimiut,66.9395,-53.6735,47.48,79,28,6.17,GL,1692034007
441,rehoboth,-23.3167,17.0833,62.82,21,6,11.1,NA,1692034007
442,ban na san,8.8004,99.3637,80.04,85,97,6.4,TH,1692034007
443,zhanaozen,43.3,52.8,84.42,16,0,10.27,KZ,1692034007
444,cockburn town,21.4612,-71.1419,84.06,80,44,19.1,TC,1692034007
445,saint-joseph,-21.3667,55.6167,71.98,84,21,11.9,RE,1692034007
446,viedma,-40.8135,-62.9967,69.8,31,48,11.65,AR,1692033719
447,smithers,54.7804,-127.1743,62.92,77,75,2.3,CA,1692034008
448,khromtau,50.2503,58.4347,75.31,20,49,6.78,KZ,1692034008
449,nizhneudinsk,54.9076,99.0276,59.72,91,97,3.69,RU,1692034008
450,nelson,-41.2833,173.2833,37.29,84,6,1.01,NZ,1692034008
451,motueka,-41.1333,173.0167,38.1,86,7,3.49,NZ,1692034008
452,mandan,46.8267,-100.8896,73.36,67,40,5.75,US,1692033912
453,tosontsengel,48.7567,98.2839,54.5,61,12,2.98,MN,1692034008
454,kachug,53.9606,105.8817,61.92,72,91,2.91,RU,1692034009
455,maasim,5.8575,125.0061,79.83,81,100,2.17,PH,1692034009
456,kargasok,59.0556,80.8572,55.35,90,97,3.74,RU,1692034009
457,vallenar,-28.5708,-70.7581,76.69,36,0,5.39,CL,1692034009
458,san pedro pochutla,15.7333,-96.4667,89.31,74,100,1.25,MX,1692034009
459,sao miguel do guama,-1.6267,-47.4833,95.5,36,13,5.68,BR,1692034009
460,minas de marcona,-15.2119,-75.1103,68.52,54,2,6.98,PE,1692034009
461,ulsteinvik,62.3432,5.8487,64.9,91,70,5.99,NO,1692034009
462,labrador city,52.9463,-66.9114,62.51,59,100,10.36,CA,1692034010
463,kodinsk,58.6881,99.1844,62.64,99,100,3.4,RU,1692034010
464,nova olinda do norte,-3.8881,-59.0942,102.83,26,1,2.51,BR,1692034010
465,reggane,26.7158,0.1714,109.92,8,1,15.17,DZ,1692034010
466,kichmengskiy gorodok,59.9816,45.7854,64.56,94,100,3.96,RU,1692034010
467,greymouth,-42.4667,171.2,44.4,84,97,2.48,NZ,1692034010
468,vilyuysk,63.7553,121.6247,59.18,81,100,12.71,RU,1692034010
469,limassol,34.675,33.0333,84.27,84,0,16.11,CY,1692034011
470,macka,40.8186,39.6136,78.15,77,3,4.16,TR,1692034011
471,yantarnyy,54.8717,19.9381,69.66,70,59,15.97,RU,1692034011
472,kirchlinteln,52.95,9.3167,81.9,69,76,3.6,DE,1692034011
473,vilyuchinsk,52.9306,158.4028,52.07,84,18,7.45,RU,1692034011
474,burdur,37.7203,30.2908,88.5,23,20,8.05,TR,1692034011
475,priozersk,61.0393,30.1291,70.95,93,99,6.55,RU,1692034011
476,severnoye,56.3491,78.3619,50.45,99,100,4.18,RU,1692034012
477,prince george,53.9166,-122.753,74.25,57,75,6.91,CA,1692034012
478,villa berthet,-27.2917,-60.4126,80.94,15,0,6.49,AR,1692034012
479,forster,-32.1667,152.5167,48.29,100,83,9.19,AU,1692034012
480,floro,61.5996,5.0328,64.47,82,75,8.05,NO,1692034012
481,hoeyang,38.7103,127.5983,70.21,99,84,4.47,KP,1692034012
482,darwin,-12.4611,130.8418,73.38,84,100,5.75,AU,1692033977
483,sao francisco,-15.9486,-44.8644,89.22,23,93,9.42,BR,1692034012
484,gorgan,36.8387,54.4348,84.16,58,20,6.91,IR,1692034012
485,athens,37.9795,23.7162,83.8,58,20,10.36,GR,1692033910
486,mount pearl,47.5166,-52.7813,72.32,77,75,4.61,CA,1692034013
487,pontes e lacerda,-15.2261,-59.3353,90.34,29,100,6.04,BR,1692034013
488,protaras,35.0125,34.0583,89.98,86,7,1.99,CY,1692034013
489,port-vila,-17.7338,168.3219,69.4,94,40,4.61,VU,1692034013
490,zmeinogorsk,51.1567,82.195,47.84,85,77,5.93,RU,1692034013
491,buka,40.8108,69.1986,67.46,21,0,9.06,UZ,1692034013
492,enriquillo,17.9,-71.2333,94.68,63,62,14.79,DO,1692034014
493,merida,20.9667,-89.6167,96.03,58,20,16.11,MX,1692033763
494,ivdel',60.6911,60.4206,69.57,62,76,1.07,RU,1692034014
495,balqash,46.8481,74.995,65.19,43,79,9.62,KZ,1692034014
496,tuy hoa,13.0833,109.3,80.47,82,89,5.55,VN,1692034014
497,shache,38.4167,77.2406,88.72,18,100,5.08,CN,1692034014
498,greenville,35.6127,-77.3663,97.12,56,40,10.36,US,1692033753
499,ilam,26.9167,87.9167,71.49,93,99,1.72,NP,1692034014
500,mudgee,-32.5943,149.5871,43.79,96,79,2.62,AU,1692034015
501,rudnya,54.947,31.0934,67.69,81,61,3.49,RU,1692033718
502,pangody,65.85,74.4859,59.59,59,34,2.37,RU,1692034015
503,ozalp,38.6548,43.993,71.08,21,0,7.16,TR,1692033988
504,midvagur,62.0511,-7.1939,56.23,82,100,9.22,FO,1692034015
505,taroa,8.7058,171.2275,82.58,82,84,19.77,MH,1692034015
506,gadzhiyevo,69.2551,33.3362,60.94,94,88,7.11,RU,1692034015
507,kristiansund,63.1115,7.732,68.05,82,40,2.3,NO,1692034016
508,namdrik,5.5994,168.1028,82.69,79,100,12.06,MH,1692034016
509,kirakira,-10.4544,161.9205,77.31,89,59,9.28,SB,1692033924
510,roma,43.2128,-75.4557,78.73,65,75,3.44,US,1692034016
511,palmas,-10.2128,-48.3603,94.87,23,0,8.05,BR,1692034016
512,lu-uk,5.9684,121.3122,78.84,84,100,3.56,PH,1692034016
513,xishan,27.6667,113.5,77.4,90,2,1.63,CN,1692034016
514,skidel',53.5904,24.2478,75.94,56,21,3.94,BY,1692034017
515,neelankarai,12.9455,80.2575,82.04,83,75,11.5,IN,1692034017
516,pauini,-7.7136,-66.9764,85.84,50,91,5.1,BR,1692034017
517,arno,60.1167,18.6333,65.79,60,97,8.59,SE,1692034017
518,villanueva,15.3167,-88.0,90.59,52,40,3.44,HN,1692034017
519,howard springs,-12.497,131.047,73.31,87,13,2.28,AU,1692034017
520,nishinoomote,30.7333,131.0,81.37,86,74,20.42,JP,1692034017
521,praia,14.9215,-23.5087,84.74,79,20,11.5,CV,1692033764
522,urzhar,47.093,81.6294,55.89,45,1,4.38,KZ,1692034017
523,khash,28.2211,61.2158,77.88,11,13,13.33,IR,1692034018
524,mpraeso,6.5932,-0.7346,74.48,89,94,3.89,GH,1692034018
525,kikwit,-5.041,18.8162,90.66,23,19,2.42,CD,1692034018
526,goulburn,-34.75,149.7167,41.79,99,98,1.99,AU,1692034018
527,remire-montjoly,4.9167,-52.2667,89.64,70,40,11.5,GF,1692034018
528,antalaha,-14.9003,50.2788,71.85,91,31,6.62,MG,1692034018
529,yulinshi,38.2906,109.7494,78.6,47,95,7.14,CN,1692034018
530,manokwari,-0.8667,134.0833,77.7,83,76,3.27,ID,1692034018
531,huarmey,-10.0681,-78.1522,73.26,69,44,10.42,PE,1692034019
532,nova vicosa,-17.8919,-39.3719,77.47,63,32,8.16,BR,1692033831
533,lander,42.833,-108.7307,72.1,39,0,3.44,US,1692034019
534,pindushi,62.9152,34.58,66.47,92,24,5.14,RU,1692034019
535,rambouillet,48.5833,1.9167,75.99,41,55,9.08,FR,1692034019
536,shiguai,40.7058,110.2856,75.25,44,50,4.03,CN,1692034019
537,ialibu,-6.2821,143.9935,54.0,96,86,1.79,PG,1692034019
538,balikpapan,-1.2675,116.8289,81.59,78,20,4.61,ID,1692034014
539,orneta,54.1148,20.1333,79.16,46,81,6.76,PL,1692034020
540,dauphin,51.1494,-100.0502,75.34,57,0,9.22,CA,1692034020
541,iguape,-24.7081,-47.5553,65.35,79,100,3.8,BR,1692034020
542,mata-utu,-13.2816,-176.1745,81.75,80,57,16.75,WF,1692034020
543,shubarshi,48.5872,57.1869,82.29,22,89,7.85,KZ,1692034020
544,viqueque,-8.8673,126.3658,73.67,88,43,3.85,TL,1692034020
545,melfort,52.8667,-104.6177,80.73,41,0,11.5,CA,1692034020
546,buala,-8.145,159.5921,78.08,87,23,6.44,SB,1692033731
547,juliaca,-15.5,-70.1333,51.78,35,40,8.32,PE,1692033781
548,benoy-yurt,43.69,45.05,88.99,49,81,8.95,RU,1692034021
549,georgiyevka,43.0369,74.7114,62.64,42,40,4.47,KZ,1692034021
550,mugia,43.1041,-9.2179,74.91,86,31,6.78,ES,1692034021
551,savanna-la-mar,18.219,-78.1332,87.75,56,36,6.17,JM,1692034021
552,rampur,28.8167,79.0333,75.4,85,100,1.1,IN,1692034022
553,oxie,55.5333,13.1,74.48,65,0,6.91,SE,1692034022
554,mercedes,-34.6515,-59.4307,74.03,35,24,14.94,AR,1692034022
555,koundara,12.4833,-13.3,82.76,82,100,0.74,GN,1692034022
556,hilo,19.7297,-155.09,77.61,82,0,8.05,US,1692034000
557,tukrah,32.5341,20.5791,79.77,61,0,10.36,LY,1692034022
558,birjand,32.8663,59.2211,70.27,13,0,9.22,IR,1692034022
559,lae,-6.7221,146.9847,73.09,85,77,3.69,PG,1692034023
560,charters towers,-20.1,146.2667,55.72,84,34,6.53,AU,1692034023
561,lucas,41.6501,-83.6666,76.96,76,75,11.5,US,1692034023
562,selfoss,63.9331,-20.9971,63.05,59,70,11.99,IS,1692034024
563,sola,-13.8833,167.55,76.73,87,79,19.04,VU,1692034024
564,veseloyarsk,51.2836,81.1056,53.1,85,100,3.38,RU,1692034024
565,mitu,1.1983,-70.1733,84.04,69,39,2.35,CO,1692034024
566,ishigaki,24.3448,124.1572,80.73,100,52,3.44,JP,1692034024
567,wotho,10.1657,166.0102,83.17,74,80,13.69,MH,1692034025
568,basse santa su,13.31,-14.2137,86.41,73,100,1.28,GM,1692034025
569,yreka,41.7354,-122.6345,89.47,27,0,0.0,US,1692034025
570,kijang,35.2442,129.2139,78.53,86,50,9.86,KR,1692034025
571,sao luis,-2.5297,-44.3028,89.8,55,40,4.61,BR,1692034025
572,lata,40.1629,-8.3327,73.08,40,28,11.14,PT,1692034025
573,fisterra,42.9049,-9.2629,74.75,88,49,5.75,ES,1692034026
574,shiqian,27.5225,108.2281,72.5,96,3,2.28,CN,1692034026
575,havre,49.5833,0.3333,76.33,60,0,5.75,FR,1692034026
576,altinyayla,39.2725,36.751,82.99,21,29,11.03,TR,1692034026
